<settings xmlns="http://maven.apache.org/SETTINGS/1.2.0"
          xmlns:xsi="http://www.w3.org/2001/XMLSchema-instance"
          xsi:schemaLocation="http://maven.apache.org/SETTINGS/1.2.0 http://maven.apache.org/xsd/settings-1.2.0.xsd">
    <mirrors>
        <mirror>
            <id>release-http-unblocker</id>
            <mirrorOf>my-repo1</mirrorOf>
            <name></name>
            <url>http://artifactorypg.paytm.in/artifactory/libs-release/</url>
        </mirror>
    </mirrors>
</settings>
